SMILES,Density
C/C=C/c1ccc(C)c(-c2cc(OCC(CC)CCCC)c(-c3ccccc3)cc2OCC(CC)CCCC)c1,0.947690837
COc1ccc(C(C)(C)c2ccc(OC(=O)CN(CC(C)=O)c3ccc(/N=N/c4ccc([N+](=O)[O-])cc4)cc3)cc2)cc1,1.157411669
CCCCCCCCCCCC(=O)NCCCCCCNC(=O)CCCCOC,0.939635943
CCC(C)(C#N)C(=O)OC,1.044265535
CCCCCCCCCCCCOC(=O)C(C)(C)CC,0.876333907
CCC(C)c1ccc(Cl)cc1Cl,1.218576983
CCCCCCNC(=O)CCCCCCCCCCCC(=O)NC,0.943380242
CCCCCCCCCCCCCCCCCC(=O)N(C)CCC,0.856888696
CCCC(=O)Oc1ccc(C(=O)OC(C)CC)cc1,1.086283422
CCC(C)(C)C(=O)Oc1ccc(C(C)(C)C)cc1,0.896405025
CCC(C)c1ccc(F)cc1,0.989259062
CCCCCCCCCCCCCCCCOC(=O)C(C)CC,0.864622073
CCCCCCCCCCCC(c1ccc(O)cc1)C(C)c1ccc(O)cc1C,0.949326163
CCC(C)C(=O)Oc1ccc(C(C)(C)C)cc1,0.958441992
CSC(C)(F)F,1.840998909
C/C=C/C(C(=O)OC(C)C)C(C)C(=O)OC(C)C,0.971892426
CCC1CCC(C)C1,0.892956655
CCCCCCCCCCCCCCCCCCOC(=O)C(C)CC,0.864259855
C=C=C=C(Cn1c2ccccc2c2ccccc21)C(=C)Cn1c2ccccc2c2ccccc21,1.114657106
CCC(C)C(=O)OCCCSCCC#N,1.082808936
CCC(C)(C)C(=O)OCc1ccccc1,1.051885651
Cc1ccc(C(C)(C)c2ccc(-n3c(=O)c4cc5c(=O)n(C)c(=O)c5cc4c3=O)cc2)cc1,1.146465554
C/C=C/c1sc(C)c(OCCCCCCCCCCCC)c1OCCCCCCCCCCCC,0.900179408
C/C=C/c1ccc(C)c(-c2cc(OCCC(C)C)c(OCCC(C)C)cc2-c2ccc(C(F)(F)F)cc2)c1,0.956021414
CCC(C)CNc1ccc([N+](=O)[O-])cn1,1.22830711
CCCCCCCCCCCCCCCNC(=O)NCCCCCCNC(=O)NC,0.953783995
CCC(C)OC(=O)C(C)(C)CC,0.898018787
CCC(C)C(=O)N1CCOCC1,1.114429035
CCCCCCCCCCC1C2CC(C)C(C2)C1C,0.855255368
CCCCCCNC(=O)CCCCCCCCCCCCC(=O)NC,0.933437007
CCCCCCCCCCCCOC(=O)Cc1c(C)[nH]c(C)c1CC(=O)OCCCCCCCCCCCC,0.913558675
CCCCCCCCCCCCCCCCCCCCCCC(=O)NC,0.866351429
CCC(C)C(=O)OCCc1ccccc1,1.060028456
CCCCCOCc1ccccc1C(C)CC,0.935560059
CCC(C)c1ccc(C)cc1,0.869468057
CCCCCCCCCCCCCCCCc1cc(C)[nH]c1C,0.866052711
C/C=C/c1cc(OCCCCCCCC)c(C)cc1OC,0.939190483
CCC(C)(C)C(=O)OC(C)C(C)(C)C,0.844615787
CCC(C)c1ccc(C(C)C)cc1C(C)C,0.839803273
Cc1cccc(C)c1,0.992499014
CCC(C)C,0.77629912
CCC(C)c1ccc(C(C)(C)O)cc1,0.934073122
CCC(C)C(C)CC,0.768938442
CCCCCCCCCCCCCCCCC1COc2c(C)sc(C)c2O1,0.968871976
CCC(C)c1cccc(OC(C)=O)c1,1.002961799
C=CC#Cc1cc(C)c2ccc3ccc(C)c4ccc1c2c34,0.757428031
CCC(C)(C)C(=O)OCC1CCCO1,1.030703138
CCC(C)(C)CS(C)(=O)=O,1.140781369
COc1ccc(S(=O)(=O)c2ccc(Oc3ccc(C(C)(C)c4ccc(C)c(C)c4)cc3C)cc2)cc1,1.095765995
C/C=C/c1cc(OCC2CC3CC2C2CCCC32)c(C)cc1OCC1CC2CC1C1CCCC21,1.004037835
COc1cccc(OC(=O)c2ccc(C(C)(C)c3ccc(C(C)=O)cc3)cc2)c1,1.102151001
CCC(C)CCC(C)C,0.772296641
CCCCCCC1(CCCCCC)c2ccccc2-c2ccc(-c3ccc4c(c3)C(CCCCCC)(CCCCCC)c3cc(-c5ccc(C(C)CC)cc5)ccc3-4)cc21,0.887288053
COc1c(C)cc(C)cc1-c1ccccc1,1.002505763
CCCCCCCCCCCC(=O)NCCCCCCNC(=O)CCCOC,0.954616145
CCC(C)C(=O)OCCSCCCC#N,1.085387972
CCCCOC(=O)CCCCCCCCCCCCCCCCC(=O)OC,0.922711633
CCC(C)C(=O)c1ccc(C(C)(C)C)cc1,0.936469283
Cc1ccc(-c2ccc(C3(C)CCCCC3)cc2)cc1,0.96749891
COc1ccc2c(c1)C1(CC2(C)C)CC(C)(C)c2ccc(OC(C)=O)cc21,1.005045691
CCOCCOC(=O)C(C)(C)CC,1.013471369
CCS(=O)CCOC(=O)C(C)(C)CC,1.117069249
CCCCOC(=O)C(C)CC,0.952753315
CCCCCCCCCCCNC(=O)CCCCCCC(=O)NC,0.946533099
CCCCC(=O)NCc1ccc(CNC(=O)CCCOC)cc1,1.107946409
CCCCCCCCCCCC(=O)NCc1ccc(CNC(=O)CCCCCCCCCCSC)cc1,0.976393146
CCC(C)(C)C(=O)OC1CC2CCC1(C)C2(C)C,0.87251011
C/C=C/C(CC)CCC,0.803760264
CCCCOC(=O)c1ccc(OC(=O)C(C)CC)cc1,1.072941358
CCCCCNC(=O)CCCCC(=O)NC,1.040711554
CCCCCCCCCNC(=O)CCCCCCCC(=O)NC,0.959342877
CCCCCCCCCC(=O)NCCCCCCNC(=O)CCCOC,0.961251471
CCCCCCCCCCCCCNC(=O)CCCCCCCCCCCCCCCCCCCCC(=O)NC,0.881825572
CCCCCCCCCCCCCCOC(=O)C(C)(C)CC,0.862307366
CCCCCCCCCCCCCC(c1ccc(O)cc1)C(C)c1ccc(O)cc1C,0.937930772
CCCc1ccc(CCNC(=O)CCCCCCCCCCCCCCCCCCCCC(=O)NC)cc1,0.936212185
CCCCCCCCCCCOc1ccc(OC(=O)c2ccc(OCCCCCCOc3ccc(C(=O)Oc4ccc(OC)cc4)cc3)cc2)cc1,1.061577448
C/C=C/c1ccc(C)cc1,1.006135387
CCCCCCCCCCCCNC(=O)CCCCCCCCCCCCCCCCCCC(=O)NC,0.887262341
[2H]c1c([2H])c([2H])c(C(C)CC)c([2H])c1[2H],0.923679332
CCCCCCNC(=O)OC,1.071824251
CCCCCCCCc1ccc(C(C)CC)cc1,0.86701632
CCC(C)c1ccccc1COCCC(C)C,0.924684677
CCC(C)C(=O)Oc1ccc(C#N)cc1,1.134726614
C/C=C(/C)CCCCCCCCCCCCCCCCCCCCC(=O)O,0.868463517
Cc1ccc(-c2nnc(-c3cccc(-c4nnc(C)n4-c4ccccc4)c3)n2-c2ccccc2)cc1,1.089021523
CCCCCCCCCCCSCCCCCCSC,0.931588685
CCCCCCCCCCCCCCCCCCCCCOC(=O)COCC(=O)OC,0.930690382
CCCCCCCCc1cc(-c2ccc3c(c2)C(CCCCCC)(CCCCCC)c2cc(C)ccc2-3)c(CCCCCCCC)cc1C,0.85154393
COc1ccc(OC(=O)CCCCCCCCC(C)=O)cc1,1.048950682
CCCc1ccc(C)o1,1.10299243
CCC1(C)CCCCC1,0.795413005
CCCCCCCCNC(=O)CCCCCCCCCC(=O)NC,0.940664668
CC(F)(F)C(F)(F)C1(F)C(C)(F)OC(F)(F)C1(F)F,1.564699369
C/C=C/CCC,0.8411584645000001
CCC(C)OC(=O)C(C)(Cl)CC,1.057163419
CCCCCCCCCCCNC(=O)CCCCCCCCCCCCCCCCCCCCC(=O)NC,0.884434958
CCC(C)S(C)(=O)=O,1.293314518
CCC(C)C(=O)Oc1cccc(N(C)C)c1,1.096542432
CCC(C)(C)C(=O)Oc1ccc(C)cc1,0.951958497
CCCCCCCCCCCCc1ccc(C(C)CC)cc1,0.85312948
CCCCCCCCCC(=O)NCCCCCCNC(=O)CCCCCCCCOC,0.930685649
CCCCCCCCCCCCCC(C)CC,0.803265072
CCCCCCCCCCCCCCCCCCCNC(=O)CCCCCCCCCCCCCCCCC(=O)NC,0.880970816
CCCCCCCCCCCCCCOc1c(C)sc(C)c1C,0.944296325
CCN(CC)CCOC(=O)C(C)(C)CC,0.960101927
CCCCCCCCCCCCCCCCCCCNC(=O)CCc1ccc(CCC(=O)NC)cc1,0.937104778
CCC(C)OC(=O)c1ccccc1,1.101556822
CCCOC(=O)C(C)(Cl)CC,1.102798912
CCCCCCC(C)OC(=O)C(C)CC,0.877762738
CCC(C)(CC(=O)OCCCc1ccccc1)C(=O)OCCCc1ccccc1,1.080352066
CCCCCCCCCCCCCCCCCCCCCOC(=O)CCCCCCCC(=O)OC,0.89522718
CCC(C)C=C(C)C,0.779950443
CCC(C)C(=O)OC12CC3CC(C)(CC(C)(C3)C1)C2,0.949969923
CCCCCCCCCCCCCCCC(=O)N(C)CCC,0.870810763
CCCCCCCCCCCCCOC(=O)CCCCC(=O)OC,0.946344135
CC1CCC(C)C1,0.903468969
CCCCCCCCCCCCCCCOC(=O)CCCCCCC(=O)OC,0.919731294
C/C=C/c1ccc(C)c(-c2c(OCC(CC)CCCC)ccc3cc(-c4ccccc4)ccc23)c1,0.984517634
Cc1ccc(-c2ccc3c(c2)C(CCCCCCBr)(CCCCCCBr)c2cc(C)ccc2-3)cc1,1.064142833
CCCCCCCCCCCCC(c1ccc(O)cc1)C(C)c1ccc(O)cc1C,0.934436591
CCC(C)(C)C(=O)OC1CCCC(C)C1,0.881548744
CCCCCCC(C)OC(=O)c1ccc(-c2ccc(-c3ccc(C(=O)OC(C)CCCCCC)cc3)c(C(C)CC)c2)cc1,0.947782381
CCC(C)C(=O)C(C)C,0.886596201
CCOC(=O)C(C)(C#N)CC,1.034280592
CCCCCOC(=O)C(C)(C)CC,0.917921435
CCC(C)OC,0.965989074
CCC(C)c1ccccc1C,0.876818696
[2H]c1c([2H])c([2H])c(C([2H])(C)C([2H])([2H])C)c([2H])c1[2H],0.93861698
CCCCCCCCCCCCCCCCCCCCCOC(=O)CCCCSCCCCC(=O)OC,0.926144559
CCC(C)C(=O)OCCN(CC)c1ccc(/N=N/c2ccc([N+](=O)[O-])cc2)cc1,1.12679408
COc1ccc(Oc2ccc(C(=O)c3ccccc3-c3ccccc3C(=O)c3ccc(C)cc3)cc2)cc1,1.125774179
CCC(C)(C)C(=O)OC(C)(C)C,0.826660163
CCCCCCOC(=O)C(C)(C)CC,0.903441723
CCCCCCCCCCCCCCCCCCc1cc(C)sc1C,0.892099579
CCC(C)C(=O)OCC(C)(C)C,0.901190148
CCCCC1CC(=O)N(C)C(=O)C1,1.09306772
CCCCCCCCCCCCCCCCCCCCCOC(=O)C(=O)OC,0.917519076
COc1c(C)cc(C)cc1C,0.945927386
CCCCCCCCCCCCCCCCCC(C(=O)NC)C(=O)NCCCCCCC,0.889924513
COC(=O)c1ccccc1N1C(=O)C(C)C(C)C1=O,1.070408699
CCC(C)O[N+](=O)[O-],1.305301671
CCCCCCNC(=O)CCCCCCCCCCCCCCCCCCC(=O)NC,0.90486422
C/C=C/c1ccc(C)c(-c2cc(-c3ccccc3)c(OCC(CC)CCCC)cc2OCC(CC)CCCC)c1,0.919376466
CCCCCCCCOC(=O)C(C)(C)CC,0.891484349
CCCCCCCCCCCCCCCC(=O)NC,0.89024336
CCCCCCCCCCCCCCNC(=O)CCCCCCCCCCCC(=O)NC,0.900220523
CCC(C)C(=O)OCCCSC,1.075871128
CCC(C)(C)C(=O)OC(C(F)(F)F)C(F)(F)F,1.277149707
CCCCCCCCCCCCCCCNC(=O)CCCCCCCCCCC(=O)NC,0.906553684
CCC(C)C(=O)NC(C)C,0.951472262
C/C=C/CCCC,0.834588519
CCC(C)C(C)=O,0.955845655
CCCCCCCCCCCCCCCCCCCCCC(=O)OC(C)CC,0.858583325
CCCCNS(C)(=O)=O,1.368480015
Cc1nc(-c2ccccc2)nc(N(c2ccccc2)c2ncnc(N(C)c3ccccc3)n2)n1,1.133996819
C/C=C/c1ccc(C)c(-c2cc(OCCC(C)C)c(OCCC(C)C)cc2-c2ccc(OC)cc2)c1,0.925658948
CCCCCCCCCCCNC(=O)NCCCCCCCCNC(=O)NC,0.969724413
CCCCOC(=O)C(C)(C)CC,0.906003571
CCCCCCCCCCNC(=O)CCCCCCCCC(=O)NC,0.93702543
CCC(C)C(C)C,0.75714125
CCC(C)c1ccc(C(=O)OCCN(C)C)cc1,1.0222365
CCOc1ccc(Br)cc1C(C)CC,1.223503114
CCCCCCNC(=O)CCCCCCOCCCCCCC(=O)NCCCCCOC,0.955888415
CCC(C)(C)C(=O)OCc1cccc([N+](=O)[O-])c1,1.162628481
CCC(C)c1ccc(COc2ccc(-c3ccc(C#N)cc3)cc2)cc1,1.065712208
CCC(C)(C)C(=O)OC,0.906319536
CCC(C)(C)CS(=O)(=O)CC(C)(C)COC(=O)OC,1.089194614
CCCCCCCCNC(=O)CCCCCCCCC(=O)NC,0.943364885
CCOC(C)CC,0.912688006
CCCCCCCCCCCCOc1cc(C)c(O)cc1C,0.933849439
CCCCCCCCCCCCCOC(=O)CCCCCNC(=O)CCCCC(=O)NCCCCCC(=O)OC,0.968420729
COc1ccc(S(=O)(=O)c2ccc(Oc3ccc(C4(c5ccc(C)cc5)c5ccccc5-c5ccccc54)cc3)cc2)cc1,1.096450635
CCC(C)CC(C)C(F)(F)F,1.093859396
C/C=C/CCCCCCC(Cl)CCCCCCC,0.903154394
Cc1c(-c2ccccc2)c(-c2ccccc2)c(C)c2cc(C3(c4ccc(C#Cc5ccccc5)c(C#Cc5ccccc5)c4)c4ccccc4-c4ccccc43)ccc12,0.900037683
CCCSC,1.187990132
CCC(C)(C)C(=O)OCCNC(C)(C)C,0.899956342
CCC(C)C(=O)N(C)c1ccccc1,1.036978669
CCC,0.811251102
CCCCCCCC(=O)NCCCCCCNC(=O)CCCCCCOC,0.964171286
CCC(CC)COC(=O)C(C)CC,0.91413913
CCC(C)(C)C(=O)OCC[N+](=O)[O-],1.159740176
CC1C=CC(C)C1,0.939550686
CCCCCCCCCCCCC(C(=O)NC)C(=O)NCCCCCCCC,0.900783398
C/C=C/C(CC)C(C)CC,0.82398912
COC1CCCCC1C,0.931563064
CCC(C)C(=O)N(C)C,0.999160184
CCCCCCCCCCCCCCCCC[N+](C)(C)CCCCCC[N+](C)(C)C,0.872184477
CCCCCCCCCCc1cc(-c2ccc3c(c2)C(CCCCCC)(CCCCCC)c2cc(C)ccc2-3)c(CCCCCCCCCC)cc1C,0.807377101
CCC(C)C(=O)OC(F)(C(F)(F)F)C(F)(F)F,1.502297049
CCCc1ccc(CCNC(=O)CCCCCCCCCCCCCCCC(=O)NC)cc1,0.963570323
CCC(C)(CC(=O)Oc1ccc(C)cc1)C(=O)Oc1ccc(C)cc1,1.062096371
CCCCCCCCCCCCCCCCCCCCCc1nnc(C)o1,0.88997462
CCCCCCCCCCCCSCCCCCCSC,0.923953778
CCCCC(C)CC,0.776895965
CCSCCOC(=O)C(C)CC,1.065268296
CCCCOCc1ccccc1C(C)CC,0.940569983
CCC(C)(C)C(=O)OCCCCn1c2ccccc2c2ccccc21,1.063120281
CCCNC,0.992409385
CCCCCCCCCCCCCCCNC(=O)CCCCCCCCC(=O)NC,0.916585437
CCCCCCCCCCCCCCCCCCCOCOC,0.865128678
COc1cc(C)cc(/C=N/c2ccc(C)cc2)c1C,0.9332806
CCC(C)(C)C(=O)OCCF,1.091984203
CCC(C)c1cccc(Cl)c1,1.095935741
CCCCCCCCCNC(=O)CCCCCCCCCCC(=O)NC,0.92885236
CCC(CCl)(CCl)OC,1.297944961
CCC(C)(C)C(=O)OCc1ccccc1Cl,1.151611779
CCC(C)C(=O)Oc1cccc(C)c1,1.071947231
Cc1c(-c2ccccc2)c(-c2ccccc2)c(C)c2cc(C(c3ccc(C#Cc4ccccc4)c(C#Cc4ccccc4)c3)(C(F)(F)F)C(F)(F)F)ccc12,1.001212493
C/C=C/CCCCCCCCC,0.822061556
CCCCCCCCCCOC(=O)CCCCCCCC(=O)OC,0.941870155
CCCCCCCCCCCCCCCCCCCCCCCOC(=O)CCC(=O)OC,0.905357803
CCOC(=O)C(C)(C)CC,0.90836326
C/C=C/c1cc(OCC(CC)CCCC)c(C)cc1-c1ccc(N(c2ccc(OC)cc2)c2ccc(OC)cc2)cc1,0.969832402
COc1ccc(NC(=O)CCCCCCCCCC(=O)Nc2ccc(C)cc2)cc1,1.073694962
CCCCCCCCCCCC(=O)NCCCCCOCCCCCNC(=O)CCCCOC,0.94573393
CCC(C)C(=O)OC(C)CC(C)C,0.905312834
Cc1ccc(N2C(=O)c3ccc(C(=O)c4ccc5c(c4)C(=O)N(c4ccc(-c6nc7cc(-c8ccc9nc(-c%10ccccc%10)c(C)nc9c8)ccc7nc6-c6ccccc6)cc4)C5=O)cc3C2=O)cc1,1.081627625
Cc1ccc(NC(=O)Nc2ccc(NC(=O)Nc3ccc(-c4nc(C#N)c(C#N)nc4C)cc3)cc2)cc1,1.154810331
CCCCCCCCCNC(=O)CCCCCCCCC(=O)NCCCCCCCCNC(=O)C(=O)NC,0.973462542
CC1CC2C3CCC(C3)C2C1C,0.88601111
COc1c(-c2ccccc2)cc(C)cc1-c1ccccc1,1.041525617
CCC(C)c1ccc(S(=O)(=O)O)cc1,1.219503167
CCC(C)c1cccc2ccccc12,0.993182994
Cc1cc(C)c(O)c(/C=N/c2ccc(N3CCOCC3)cc2)c1,1.120600809
CCC(C)(C)C(=O)Oc1ccc(C)cc1C,0.95674619
CCCCCCOc1ccc(-c2cc(-c3ccc(C)cc3)c(-c3ccc(OCCCCCC)cc3)c(-c3ccc(-c4ccc5c(c4)C(CCCCCC)(CCCCCC)c4cc(C)ccc4-5)cc3)c2)cc1,0.887994076
CCCCC(CC)CCC(C)OC(=O)C(C)CC,0.861701744
CCCCCCCCCCCNC(=O)CCCCCCCCC(=O)NCCCCCCCCCCNC(=O)C(=O)NC,0.955200662
CCC(C)C(=O)OC1CC(C)CC(C)(C)C1,0.909612952
CCCCCCCCCCCCCCCCC(CC)C1C(=O)N(CCCCCCCCCCCC)C(=O)C1C,0.867649177
CCCCCCCCCCCCCCCNC(=O)CCCCCCCCCCCCCCCCCCCCC(=O)NC,0.876856201
CCC(C)(C)C(=O)OC1CCCCC1,0.91386168
CCC(C)(C)C(=O)OCCC#N,1.036075809
CCc1ccccc1C(C)CC,0.918485757
Cc1ccc(-c2ccc(C(C)(C)C)cc2)cc1,0.952850626
CCOC(=O)C(C)(CC)CC,0.864397975
CCCCCCCCCCCCCCC(C)CC,0.795879987
CCC(C)C(=O)OCCSC,1.110954584
CCCCCCCCCCCCCC(C(=O)NC)C(=O)NCCCCCCC,0.899716416
CCC(C)C(=O)OCCCCCC(=O)Oc1ccc(-c2ccc(C#N)cc2)cc1,1.092668338
CCCCCCNC(=O)CCCCCCCCOCCCCCCCCC(=O)NCCCCCOC,0.932721325
CCCOCCOC(=O)CCCCCCCCCCCCCCCCC(=O)OC,0.948193246
CCC(C)C(=O)OC1CCCCC1,0.975831621
CCCc1ccc(-c2ccc(C)cc2)cc1,1.042562737
CCC(C)(C)c1ccc(C(C)C)cc1,0.808542478
CCCCCCCCCCCCCCCCCCCCCOC(=O)CCCCC(=O)OC,0.899322314
CCCCCCCCCCCCCc1cc(C)sc1C,0.919023879
CCSCCCOC(=O)C(C)CC,1.049932374
CCC(C)c1ccc(Cl)cc1,1.087290755
CCCCCCCCCCCCCCCCNC(=O)C(C)CC,0.864456022
CCCC(C)CCC(=O)OC,0.980916925
CCC(C)(C)C(=O)OCCCl,1.111949892
CCC(C)(C)C(=O)OCc1ccco1,1.081813241
Cc1ccc(-c2ccc(C(C)(C)C(F)(F)F)cc2)cc1,1.086916359
CCC(OC)c1ccccc1,1.068349202
CCCCCCCCCCCOC(=O)CCCCCCCCCCCCCCCCC(=O)OC,0.8954389
CCCCCCCCCCCCCOC,0.85333452
CCCCCCCCCCCCCCCNC(=O)CCCCCCCCCCCCCCCCC(=O)NC,0.886924555
CCC(C)(C)C(=O)Oc1ccccc1,1.049795923
CCC(C)C(=O)OCCSCCC#N,1.111901096
CCC(C)(CC(=O)Oc1cccc(C)c1)C(=O)Oc1cccc(C)c1,1.042202692
C/C=C/C,0.775000418
CCCCCCCCCCCCCCCCCCCCCC(C)Cl,0.869388674
COc1ccc(Oc2ccc(Oc3ccc(S(=O)(=O)c4ccc(C)cc4)cc3)cc2)cc1,1.200029536
CCCCCCCCCC(=O)NCCCCCOCCCCCNC(=O)CCCCOC,0.959755769
Cc1ccc(-c2ccc(C(C)(c3ccccc3)C(F)(F)F)cc2)cc1,1.06572076
CCCCCCCCCCCOC(=O)CCCCCCC(=O)OC,0.938959785
C/C=C/CCCCCC,0.823772683
CCC(C)C(=O)Oc1ccc(Cl)cc1,1.211730555
Cc1cc2cccccc-2c1C,0.814226421
CCC(C)(C)C(=O)NC(=O)OC(C)COc1c(Br)cc(S(=O)(=O)c2cc(Br)c(OCC(C)O)c(Br)c2)cc1Br,1.587307778
C/C=C/C(C)(C)C(C)(C)C,0.820729949
CCCCCCCCCCCCc1cc(C)c(CCCCCCCCCCCC)cc1C,0.832338804
COc1ccc2c(c1)C1(CC2(C)C)CC(C)(C)c2ccc(OC(=O)c3ccc(C(C)=O)cc3)cc21,1.024454484
CCCCOC(=O)C(C)(Cl)CC,1.074741397
CCC(C)(CC(=O)OC1CCCCC1)C(=O)OC1CCCCC1,0.957033344
CC1Cc2ccccc2C1C,0.889251685
CCCCCCCCOCCOCc1ccc(C(C)CC)cc1,0.931177736
COC(C)C(Cl)(Cl)Cl,1.539478709
CCC(C)(CC(=O)OCCc1ccccc1)C(=O)OCCc1ccccc1,1.092735648
CCOC,1.241962384
CCCNC(=O)CCCCCCCCCCCCCCCCC(=O)NC,0.932585043
CCCCC(CC)COC(=O)C(C)(C)CC,0.866688073
CCC(C)(c1ccc(-c2ccc(-c3ccc(C)cc3)cc2)cc1)C(F)(F)F,0.989585625
CCC(C)(C(=O)OC)c1ccccc1,0.964628447
CCCCCCC1(CCCCCC)c2cc(C)ccc2-c2ccc(-c3cc(OCc4ccccc4)c(C)cc3OCc3ccccc3)cc21,0.926806566
CCC(C)(C)C(=O)OC1CCC(C(C)(C)C)CC1,0.856410503
CCC(C)(CC(=O)Oc1ccccc1)C(=O)Oc1ccccc1,1.099880838
CCC(C)C(=O)OCc1ccc(C#N)cc1,1.094513754
CCOC(=O)C(C)(CC)CF,1.040351207
CCCCCCCCCCCCCCCC(=O)OC,0.893283062
CCC(C)C(=O)Oc1ccccc1Cl,1.226889668
CCCCCCCCCCc1ccc(C(C)CC)cc1,0.864032282
CCCCC(C)(C)C,0.780478615
CCOC(=O)C1C(C)C(C(=O)OCC)C1c1ccc(C)cc1,1.011107838
CCC(CC)OC(=O)C(C)CC,0.928441574
CCC(C)c1ccc(C(C)=O)cc1,1.013613515
CCCCS(C)(=O)=O,1.344229366
C/C=C/C(C)C(C)C,0.801255092
CCCCNC,0.92848585
CCC(C)(CC(=O)Oc1ccccc1C)C(=O)Oc1ccccc1C,1.059872607
CCCCCCCCCCOC(=O)C(C)(C)CC,0.880799375
C/C=C/c1cc(OCCCCCC)c(C)cc1OC,0.956645411
CCCCCCCCCCCCCCCCCCCCCOC(=O)CCCCCCC(=O)OC,0.892806607
CCCCCCCCCCCCCCCCCCCCCOC(=O)CCCCCC(=O)OC,0.89731003
Cc1ccc(Cc2ccc(-n3c(=O)c4cc5c(=O)n(C)c(=O)c5cc4c3=O)cc2)cc1,1.232934348
CCC(C)(C)C(=O)OCC(C)(C)C,0.810146915
CCCCOC(=O)C1CCC(C(=O)OC)CC1,1.082251488
COc1ccc(S(=O)(=O)c2ccc(Oc3ccc(C(C)(c4ccccc4)c4ccc(C)cc4)cc3)cc2)cc1,1.144330703
Cc1cccc(N2C(=O)c3ccc(Oc4ccc5c(c4)C4(CC(C)(C)c6ccc(Oc7ccc8c(c7)C(=O)N(C)C8=O)cc64)CC5(C)C)cc3C2=O)c1,1.109968877
CCCCCCCCCCCCCCOC(=O)C(C)CC,0.867171478
CCCCCCCCOc1cc(-c2ccc3c(c2)C(CCCCCC)(CCCCCC)c2cc(C)ccc2-3)c(OCCCCCCCC)cc1C,0.863900052
CCOC(=O)CC(C)(CC)C(=O)OCC,0.965285515
CCC(C)(C)C(=O)Oc1cccc(C)c1,1.017456329
CCCCCCCCCCCCCCCCCCCCCOC(=O)CCC(C)CC(=O)OC,0.897262686
CCCCCCOC(=O)C(C)(C#N)CC,0.966634258
Cc1ccc(-c2ccc(C(C)(c3ccc(F)cc3)C(F)(F)F)cc2)cc1,1.113444185
COc1ccc(S(=O)(=O)c2ccc(Oc3ccc(Cc4ccc(C)cc4)cc3)cc2)cc1,1.184644856
CCCCCCCCNC(=O)CCCCCCCCCCCCCCCCCCC(=O)NC,0.900754814
CCCCNC(=O)C(C)CC,0.938352718
CCCCCCCCCCCCCCCCc1ccc(C(C)CC)cc1,0.848617516
CCCCCCC(C)CCCCCC,0.797183169
CCCCCCC1(CCCCCC)c2ccccc2-c2ccc(-c3ccc(C(C)CC)cc3)cc21,0.899366976
CCCCCCCCC(C)CCCCCC,0.794468482
C/C=C/c1cc(CCCCCCCCCCC)c(/C=C/c2ccc(C)cc2)cc1CCCCCCCCCCC,0.89127614
Cc1ccc(N2C(=O)c3ccc(-c4cccc5c4C(=O)N(C)C5=O)cc3C2=O)cc1,1.15692241
COc1ccc(S(=O)(=O)c2ccc(Oc3ccc(-c4ccc(C)cc4)cc3)cc2)cc1,1.20752232
CCC(C)(C)OC,0.861163598
CCCCCCCS(=O)(=O)CCCCCS(C)(=O)=O,1.153509737
CCCCCCCCCCCCCCCCCCCCCC(C)COCCOCCOCCOCCOCCCCCCCCCCCCCC,0.882777598
CCC(C)C(=O)Oc1ccc(OC)cc1,1.117366408
CCC(C)C(=O)Oc1ccc(C)cc1,1.051609028
CCC(C)C(=O)Oc1ccc(-c2ccccc2)cc1,1.091305455
CCC(C)OC(=O)C1(F)C(F)(F)C(F)(F)C(F)(F)C(F)(F)C1(F)F,0.81190569
CCCCCC(C)CC,0.771934125
C/C=C(/C)C#CCCCCCCCCCCCCCCCCCCCCC(=O)O,0.885736749
COc1ccc(-c2ccc(-c3cc(-c4ccccc4)c(-c4ccc(-c5ccc(OC(=O)c6ccc(C(C)=O)cc6-c6ccccc6)cc5)cc4)c(-c4ccccc4)c3-c3ccccc3)cc2)cc1,0.963593
CCCCCCCCCCCCC(C)CC,0.805359167
CCC(C)c1ccc(OC(C)=O)cc1,1.037413892
CCC(C)(C)C#N,0.912756425
CCCCCCCCCC(C)CC,0.79444681
CCCCCCCCCCCCCOC(=O)CCCCCCCCCCCCC(=O)OC,0.910678639
CCCCCCCCCCCOCCCCCCOCCCCCCOC,0.880404561
CCC(C)C(=O)OCCSCC#N,1.158953952
CCCCCCCCCOC(=O)NNC(=O)CCCCCCCCC(=O)NNC(=O)OC,1.043832714
CCCc1cc(OC)cc(OC(=O)c2cccc(C(C)=O)c2)c1,1.125159714
CCC(C)CCCN(CC(C)C)CC(C)C,0.817146131
CCC(C)(C)C(=O)Oc1ccc(CC#N)cc1,1.056556928
CCC(C)c1cc(C)ccc1F,0.955409279
CCC(C)n1cc2ccccc2n1,1.124957708
CCC(C)c1ccc(F)cc1C,0.994546299
CCC(C)(C)C(=O)OCCCCCCOc1ccc(-c2ccc(OC)cc2)cc1,1.04192343
CCCCCCCCCCCCCCCCOc1cc(C)ccc1NC,0.899934311
CC1CCC1C,0.823406686
COc1ccc2c(c1)C1(CC2(C)C)CC(C)(C)c2ccc(OC(=O)c3cccc(C(C)=O)c3)cc21,1.04019662
CCCCCCCCCCCCCCCc1cc(C)sc1C,0.902739983
CCCCCCCCCCCCCCCCCCCCCCc1cc(C)sc1C,0.883511374
CCCCCCCCCCCCCNC(=O)CCCCCCCCCCCCC(=O)NC,0.903805754
CCCCCCCCCCCNC(=O)CCCCCCCCCCCCCCC(=O)NC,0.906986266
CC1C(=O)OC(=O)C1C,1.365901109
CCCCCNC(=O)CCCCCCCCCCCCCCC(=O)NC,0.924969057
CCC(C)(Cl)C(=O)OC1CCCCC1,1.054643244
CCCCCCOC(=O)CC(C)(CC)C(=O)OCCCCCC,0.927808816
CCC(C)(C)C(=O)Oc1c(Cl)c(Cl)c(Cl)c(Cl)c1Cl,1.354866985
CCCCC(CC)COCc1ccc(C(C)CC)cc1,0.902459296
CCC(C)(F)C(=O)OCCC(F)(F)C(F)(F)C(F)(F)C(F)(F)C(F)(F)C(F)(F)C(F)(F)C(F)(F)C(F)(F)C(F)(F)F,1.608016391
CON(C(F)(F)F)C(F)(F)C(C)(F)F,1.732295687
COc1ccc(C(C)(C)c2ccc(OC(=O)c3ccc(C(C)=O)cc3)cc2)cc1,1.104373146
CCCCCCCCC(C)CC,0.790932839
CCC(C)C(=O)C1CCCCC1,0.931405406
CCCCCCCCCOC(=O)C(C)CC,0.892016503
CCCNC(=O)CCCCCCCCC(=O)NC,1.004989804
CCC(C)C(=O)N(C(C)C)C(C)C,0.844059103
COc1ccc(S(=O)(=O)c2ccc(Oc3c(C)cc(C(c4cc(C)c(C)c(C)c4)(C(F)(F)F)C(F)(F)F)cc3C)cc2)cc1,1.103576244
CCC(C)(C)C(=O)OC(F)(F)C(F)(F)C(F)(F)C(F)(F)C(F)(F)C(F)(F)C(F)(F)C(F)(F)F,1.517768128
CCC(C)C(=O)OCCCCSC,1.049744475
CCC(C)O,1.081206735
CSc1c(C)cc(C)cc1C,1.048021071
Cc1ccc2c(c1)SC1=Nc3cc(-c4ccc5c(c4)N=C4Sc6cc(C)ccc6N=C4N5)ccc3NC1=N2,1.086875784
CC1CCCCC1S(C)(=O)=O,1.174206042
CCCCCCCCCCCCCCCCCC(=O)OC(C)CC,0.856119988
C/C=C/CCCCCCCCCC(Cl)CCCCCCCCCC,0.878956685
CCCCCCCC(C)CC,0.7966448
CCC(C)c1cc(C)ccc1C,0.907377009
CCC/C=C(/C)CCCCCCCCCC,0.81139035
CCOC(=O)C(C)CC,1.001646084
CCCCCCCCCCCC(=O)OC(C)CC,0.878322012
CCC(C)C(=O)OCCC#N,1.065811773
CCC(C)C(=O)NC(C)(C)C,0.889061076
CCCCCCCCCCNC(=O)CCCCCCCCC(=O)NCCCCCCCCCNC(=O)C(=O)NC,0.96452094
CCCCCCCCCCCCNC(=O)C(C)CC,0.870895681
CCCc1c(Cl)c(Cl)c(C)c(Cl)c1Cl,1.40293716
CCC(C)(C)C(=O)OC1CCCCC1C,0.85282857
CCCCCCCCCCCCCOC(=O)CCCCCCC(=O)OC,0.931066388
CCCCCCCCCCCC(Cl)C(C)Cl,1.005372382
CCCCCCCCCCNC(=O)CCCCCCCC(=O)NC,0.944002177
CCCCCOC(=O)CC(C)(CC)C(=O)OCCCCC,0.955743343
CCC(C)C(=O)OCc1ccccc1,1.072100095
C/C=C/CCCCCCC,0.820824647
CCC(C)n1c2ccccc2c2ccccc21,1.05806832
CCCCOC(=O)CC(C)(CC)C(=O)OCCCC,0.96210565
CCCCCCCCCCCOCCCCCCCCCCOCCCCOC,0.882717038
CCC(C)(Cl)C(=O)OC(C)C,1.054014289
CCCCCCCCCC(=O)NCCCCCCNC(=O)CCCCOC,0.954015346
CCCCCCCNC(=O)NC,1.021142597
CCCCCCCNC(=O)CCCCCCCCCCCCCCCCC(=O)NC,0.910662796
CCCC(C)=C(C)C,0.817744643
CCC(C)C1CC=CCC1,0.84208322
COc1cccc(NC(=O)CCCCCCCCCCC(=O)Nc2ccc(C)cc2)c1,1.057348058
CCC(C)C#N,0.979429396
Cc1ccc(N2C(=O)C(C)C(C)C2=O)cc1,0.95394828
CCC(C)C(=O)OCCCCCCSCC#N,1.039476536
CCC(C)C=O,1.074977648
CCCc1ccc(C)s1,1.164977581
CCC(C)c1ccc(O)c(OC)c1,1.031531368
CCCCCCCCCCCCCCCOC(=O)CCCCC(=O)OC,0.934642528
CCC(C)COC(=O)C(C)CC,0.919640881
CCC(C)c1ccc(C(=O)O)c(C(=O)O)c1,1.184354013
CCC(C)(C)C(=O)OCC(C)(C)C1OCC(C)(C)CO1,0.904274504
CCCCCCCCCCCCCCCC(C(=O)NC)C(=O)NCCCCCCC,0.897093489
CCCCCCCCCCCCNC(=O)CCCCC(=O)NC,0.9550917
CCCCCCCCCCCCCCCCCCCCOc1c(C)sc(C)c1C,0.90435478
CCC(C)c1cc(Cl)ccc1Cl,1.217628771
CC1C(=O)N(c2ccccc2)C(=O)C1C,1.03911953
C/C=C/CCCCCCCCCCC,0.822074244
CCC(C)CC(C)(C)C,0.748691234
[2H]C(CCC)C([2H])(C)C,0.8045306
COc1ccc(S(=O)(=O)c2ccc(Oc3ccc(C(C)(C)c4ccc(C)cc4)cc3)cc2)cc1,1.135056188
CCCCCCCCCCC(C)CC,0.799124975
CCC(C)(C)C(=O)OC(F)(C(F)(F)F)C(F)(F)Cl,1.322806827
CCCCCCCCCCCSSCCCCCCSSC,1.014541659
CCCCCCCCCCCOC(=O)CCCCCCCC(=O)OC,0.932306919
CCCCCCCCCCCCCCCCC(C(=O)NC)C(=O)NCCCCCCC,0.89124948
CCC(C)(C)C(=O)OCCN(C)C,0.981910387
C/C=C/c1cc(CCCCCCCCCCCC)c(/C=C/c2ccc(C)cc2)cc1CCCCCCCCCCCC,0.863597922
CCCC(Cl)C(C)Cl,1.273131418
CCCOC(=O)N(Cc1ccccc1)c1ccc(C)c(N(Cc2ccccc2)C(=O)OC)c1,1.109114286
CCC/C=C(/C)C(C)(C)C,0.831876241
CCCCCCCCCCCCCCCC(=O)OC(C)CC,0.858717726
CCC(C)c1ccc(COCCCCCCOc2ccc(-c3ccc(OC)cc3)cc2)cc1,1.040782353
CCC(C)(C)C(=O)OC(C(F)(F)F)(C(F)(F)F)C(F)(F)F,1.240147043
CCCCCCCC/C=C/CCCCCCCCNC(=O)C(C)CC,0.860743742
CCCCCCCCCCCCOc1cc(-c2nc3cc4sc(C)nc4cc3s2)c(OCCCCCCCCCCCC)cc1C,0.992488687
CCCCCCC(=O)OC,1.002695727
CCC(C)(C)C(=O)Oc1ccc(C#N)cc1,1.058985756
CCCCCCCN(C)C(=O)CCCCCCCCCCCCCCCCC(=O)N(C)C,0.898624404
CCCCCC(C)OC(=O)C(C)CC,0.89263762
CCCCCCCCCNC(=O)CCCCCCCCCCCCCCCCC(=O)NC,0.901851851
CCCCCCCCCCCCCCCc1cc(C)ccc1NC,0.876967341
CCC(C)NC(=O)C(C)CC,0.92947228
CCCCCCCCCCCC(=O)NCCc1ccc(CCNC(=O)CCCCCCCCCCSC)cc1,0.962511767
CCCCCCCCCCCCCCCCCCCCCCOC(=O)C(C)CC,0.846770802
CCC(C)c1ccccc1COC(C)C,0.933317386
CC(=O)C(C)(C)C,0.919975664
CCCCCCCCCCC(C)CCCCCC,0.801722522
COc1ccc(C(=O)c2ccc(C)cc2)cc1,1.182134646
Cc1ccc(Oc2cccc(Oc3ccc(N4C(=O)c5cccc(Oc6cccc(Oc7cccc8c7C(=O)N(C)C8=O)c6)c5C4=O)cc3)c2)cc1,1.216100189
CCCC1CCC(C)C1,0.880692229
CCCCCCCCCCCCCCCCCCOC(=O)C(C)(C)CC,0.861197166
Cc1ccc(-c2ccc3c(c2)C(CCCCCCC#N)(CCCCCCC#N)c2cc(C)ccc2-3)cc1,0.901122805
CCC(C)(C)C(=O)OC12CC3CC(C)(CC(C)(C3)C1)C2,0.88188115
COc1ccc(C(C)(C)c2ccc(OC(=O)c3cccc(C(C)=O)c3)cc2)cc1,1.101878575
CCC(C)C(=O)OCCCCCCOc1ccc(C(=O)Oc2ccc(C#N)cc2)cc1,1.095853414
CCC(C)C(=O)OCCC(C)OC,1.002966511
CCCCCCC1C2CC(C)C(C2)C1C,0.82757252
CCCCCCCCCCCCc1cc(-c2cc(CCCCCCCCCCCC)c(-c3ccc(C)cc3)s2)sc1C,0.941065148
CCC(C)(C)C(=O)OCCC(C)(C)C,0.860835583
CCC(C)C(=O)Oc1ccccc1C,1.061864136
CCCCCCCCCCCCCCCCCCNC(=O)C(C)CC,0.856385762
C/C=C/c1cc(OCC(CC)CCCC)c(C)cc1-c1ccc(F)c(C(F)(F)F)c1,1.037733826
COc1ccc(S(=O)(=O)c2ccc(Oc3c(C)cc(Cc4cc(C)c(C)c(C)c4)cc3C)cc2)cc1,1.073138282
CCCCN(CCCC)C(=O)C(C)CC,0.875138172
CCCCCNC(=O)CCCCCCCCCC(=O)NC,0.965368624
CCCCCCCCCCCCCCc1ccc(C(C)CC)cc1,0.848186437
CCCCCCCCCCCNC(=O)CCCCCCCCC(=O)NC,0.92195685
CCCCCCCCCCCCCCCCCCCCCOC(=O)CCCC(=O)OC,0.90650602
CCC(C)(C)C(=O)OC(F)(C(F)(F)F)C(F)(F)F,1.327370903
CCC(C)(CF)C(=O)OC,1.048000594
C/C=C/c1cc(OCCCCCCCCCCCCCCCC)c(/C=C/c2ccc(C)cc2)cc1OCCCCCCCCCCCCCCCC,0.88205721
COc1ccc(S(=O)(=O)c2ccc(Oc3c(C)cc(C(C)(C)c4cc(C)c(C)c(C)c4)cc3C)cc2)cc1,1.014775026
CCCC(C)COC(=O)C(C)CC,0.903896392
CCC(C)(CC(=O)OCc1ccccc1)C(=O)OCc1ccccc1,1.113470646
CCC(C)(C)C(N)=O,1.041991601
CCCCCCCCCC(=O)NCCCCCOCCCCCNC(=O)CCCOC,0.958044519
CCCCCCCNC(=O)CCCCCCCCCCCCCCC(=O)NC,0.913177976
CCCCC1C2CC(C)C(C2)C1C,0.793157119
CCC(C)C(=O)Oc1ccccc1C(C)(C)C,0.949266643
CCC(C)c1cc(C(C)(C)C)ccc1C,0.849065812
CCC(C)c1ccc(O)cc1,1.026280901
CCCCCCCCCCCCCCCC(C)Cl,0.886561889
CCCCCCCCCNC(=O)CCCCCCCCCCCCCCCCCCCCC(=O)NC,0.889143617
CCc1ccc(CNC(=O)CCCCCCCCCCCCCCCCC(=O)NC)cc1,0.962041851
CCCCCCCCCCCNC(=O)CCCCCCCCCCCC(=O)NC,0.912914925
CCCCCCCCCCCCCCCCCCCCCOC(=O)CC(=O)OC,0.918493366
CCCCC(CC)CCC(CC(C)C)OC(=O)C(C)CC,0.858171779
CCCc1ccc(C)c2ccccc12,1.050887217
COC(=O)CCCCCC(C)=O,1.084856799
Cc1nc(C)nc(N(CCCCCCN(C)c2ccccc2)c2ccccc2)n1,1.056565871
CCC(C)C(=O)NCCCCCC(=O)O,1.07691203
CCCCCCCCCCCCOc1c(C)sc(C)c1C,0.949355697
CCCCCCCS(C)(=O)=O,1.13916765
Cc1ccc(-c2nc3ccc(Oc4ccc5nc(C)c(-c6ccccc6)c(-c6ccccc6)c5c4)cc3c(-c3ccccc3)c2-c2ccccc2)cc1,0.956272559
CCC(C)(C)C(=O)OCC(F)(F)C(F)(F)C(F)(F)C(F)(F)C(F)(F)C(F)(F)C(F)(F)F,1.482039287
CCCCOC(=O)C(C)(C#N)CC,0.98541293
CCN(CCOC(=O)C(C)(C)CC)c1ccc(/N=N/c2ccc([N+](=O)[O-])cc2)cc1,1.122445545
CCC(CC(C)(C#N)C(=O)OC)c1ccccc1,0.987197772
CCCCCCCCCCCCCCCc1ccc(-c2c(-c3ccccc3)cc(-c3ccc(-c4cc(-c5ccccc5)c(-c5ccc(C)cc5)c(-c5ccccc5)c4-c4ccccc4)cc3)c(-c3ccccc3)c2-c2ccccc2)cc1,0.950245541
CCC(C)(C)c1ccccc1,0.833452729
CCC(C)(C)C(=O)OCC1(C)COCOC1,1.010012446
CCCCCCCCCCCCCNC(=O)NCCCCCCNC(=O)NC,0.973061223
COc1ccc(C2(c3ccc(OC(C)=O)cc3)CC3CCC2C3)cc1,1.084486229
CC1C2CCC(C2)C1C,0.859348965
C=C=C=C(CCCCOC(=O)Nc1ccccc1)C(=C)CCCCOC(=O)Nc1ccccc1,1.089327475
CCCCCCCCCCCCCCCCCCc1ccc(C(C)CC)cc1,0.844184922
CCCCCCc1cc(-c2ccc3c(c2)C(CCCCCC)(CCCCCC)c2cc(C)ccc2-3)c(CCCCCC)cc1C,0.85144236
CCCCCCCCCCCC(=O)NCCCCCC(=O)NC,0.953522466
CC(=O)c1ccc2c(c1)C(=O)N(c1ccc(Oc3ccc(C(=O)c4cccc(C(=O)c5ccc(Oc6ccc(N7C(=O)c8ccc(C)cc8C7=O)cc6)cc5)c4)cc3)cc1)C2=O,1.206756714
CCCCOc1ccc(Br)cc1C(C)CC,1.214722149
CCCCCCCCCCCNC(=O)CCCCCCCCCCCCCCCCCCC(=O)NC,0.892460081
CCC(C)CC(C)C,0.765836941
CCN(CCOC(=O)C(C)(C)CC)S(=O)(=O)C(F)(F)C(F)(F)C(F)(F)C(F)(F)C(F)(F)C(F)(F)C(F)(F)C(F)(F)F,1.49945764
CCC(C)(C)C(=O)OCCBr,1.475127343
CCCCCCCCCNC(=O)CCCCCCCCCCCCCCC(=O)NC,0.905325915
CCC(C)C(=O)c1ccc(C)cc1,1.017121715
CCCOC(=O)CCCCSCCCCC(=O)OC,1.07074619
CCCCCCCCCCNC(=O)CCCCCCCCCC(=O)NC,0.933531017
CCCc1ccc(CCNC(=O)CCCCCCCCCCCCCCCCC(=O)NC)cc1,0.942820572
COc1ccc(C(C)(C)c2ccc(Oc3ccc(C(=O)Nc4ccc(-c5ccc(NC(=O)c6ccc(C)cc6)cc5C(F)(F)F)c(C(F)(F)F)c4)cc3)cc2)cc1,1.198766828
Cc1ccc(NC(=O)Nc2ccc(NC(=O)Nc3ccc(-c4nc(-c5ccc([N+](=O)[O-])cc5)[nH]c4C)cc3)cc2)cc1,1.201196246
CCCCCCCCCCCCCCCCCCOC(C)CC,0.834274703
CCCC/C=C(/C)c1ccc(Cl)cc1,1.085646157
CCCCCCCCC(C)C,0.806729205
CCC(C)(C)C(=O)OCCc1ccccc1,1.048543977
CCC(C)(C)C(=O)OC1CC(C)CC(C)(C)C1,0.860209573
CCCCC(C)(C)C(=O)O,0.996128545
CCC(=O)OC(C)CC,0.995365589
CCCCCCCCCCCCCCCCCOC(=O)CCCCCCCCC(=O)OC,0.912106929
CCC(C)C(=O)OCCC(C)C,0.928263907
CCC(C)C(=O)Oc1c(Cl)c(Cl)c(Cl)c(Cl)c1Cl,1.469086914
CCCCCCCCCCCCCCCCCCN(C)C(C)=O,0.861970531
CCCCCOC(=O)CCCCCCCCCCCCCCCCCCCCCCCCCCCCCCCCCCC(=O)OC,0.868453809
CCC(C)c1cccs1,1.115067014
CCC(C)c1cccc(N(c2ccc(C)cc2)c2ccc(C)cc2)c1,0.975794098
CCCCCCCCCCCOC(=O)CCCCCNC(=O)CCCCC(=O)NCCCCCC(=O)OC,0.988248519
CCCCCCCCCCCCCCCCCCCNC(=O)CCCCCCCCCCC(=O)NC,0.890200365
CCCC(C)=O,1.073855453
Cc1cc(O)c(O)cc1C,0.986360805
CCC(C)c1ccc(C(=O)OC)cc1,1.032355465
CSc1ccc(C)cc1,1.231097312
CCC(C)C(=O)Oc1ccc(Cl)cc1Cl,1.323601324
CCCCCCCCCCCCNC(=O)CCCCCCCCC(=O)NCCCCCCCCCCCNC(=O)C(=O)NC,0.945505999
Cc1cccc(/N=C/c2cc(C)c(O)c(C)c2)c1,0.99179579
CCC(C)OC(C)C,0.839799693
CCCCCCCCCCCCCCNC(=O)C(C)CC,0.86728938
CCCCCCC1(CCCCCC)c2cc(C)ccc2-c2ccc(-c3ccc(C)cc3)cc21,0.786503256
CCOC(=O)C(C)(Cl)CC,1.162819805
CCC(C)c1cccc(NC(C)=O)c1,1.037473199
CCC(C)(C)C(=O)OCCOC,1.033359022
CCC(C)c1cc(F)ccc1F,1.086573844
CCC(C)(C)C(=O)OC(C)C(F)(F)F,1.11386163
COC(C)CCC#N,1.042557473
CCCCCCCCCCCCCNC(=O)CCCCC(=O)NC,0.944709172
CCCCC(CC)COC(=O)C(C)CC,0.893389668
CCCCCCNC(=O)CCCCCCCCCCCCCCCCC(=O)NC,0.92091158
CCC(C)CC1CCCCC1,0.816505893
CCC(C)C(=O)Oc1cccc2ccccc12,1.120527982
CCCCCCCCCc1ccc(C(C)CC)cc1,0.87039516
COc1ccc(C2(c3ccc(OC(C)=O)cc3)CC(C)CC(C)(C)C2)cc1,0.982602482
CCCCCCCCCCCCCCCSC,0.881232316
CCC(C)Cl,1.263489368
Cc1cc(C)c(O)c(/C=N/c2ccc(Cl)cc2)c1,1.17680677
CCC(C)c1ccc(C)cc1C,0.894079517
CCC(C)c1cc(C(C)C)ccc1C(C)C,0.830463672
CCCC1CC(C)C2C3CCC(C3)C12,0.933540935
CCCCCCCCCCCCCCCCCCCCCC(C)COCCOCCOCCOCCOCCCCCC,0.886368922
CCC(C)(C)C(=O)Oc1ccccc1C,1.024902598
CCC(C)(C)C(=O)OCC1(C)COC(C)(C)OC1,0.956557271
CCCCCCCCCCCOC(=O)CCCCCCCCC(=O)OC,0.930218098
CCSC,1.374050717
CCCCCCCCCCCCC(C(=O)NC)C(=O)NCCCCCCCCCCC,0.888311048
CCC(C)CCC(C)CC,0.791153015
CCCCCCCCCCCNC(=O)CC/C=C/CCC(=O)NC,0.952363037
CCCCCNC(=O)CCCCCCC(=O)NC,1.002012128
CCCc1ccc(C(C)CC)cc1,0.892912233
CCCCCCCCCCCCCCCCCCCCCCCOC(=O)CCCCC(=O)OC,0.893790404
CCC(C)c1ccccn1,0.996326132
CCC(C)C1CC1,0.863629462
CCC(C)(C)C(=O)OC1CCC(C)CC1,0.895972858
CCCCCCCCCCCCCCC(C)CCCCCC,0.80443165
CCC(C)(C)C(=O)OC12CC3CC(CC(C3)C1)C2,0.905497494
CCCCCCCCCCCC(C)CC,0.803315138
CCCCCCCCCCCNC(=O)CCCCCCCCCCCCC(=O)NC,0.911164148
CCC(C)(C)C(C)=O,0.887508896
C/C=C/c1cc(OCCCCCCCCCCCC)c(C)cc1OC,0.902248035
COS(=O)(=O)c1cccc(C(=O)c2cccc(S(=O)(=O)Oc3ccc(C(C)(C)c4ccc(C)cc4)cc3)c2)c1,1.237872849
CCCCCCCNC(=O)CCCCCCCCCCCCC(=O)NC,0.933728856
CCC(C)(C)C(=O)Oc1ccc2ccccc2c1,1.079099726
CCCCCCOC(=O)C(C)CC,0.915149553
CCCOCc1ccccc1C(C)CC,0.94589921
CCN(CCOc1cc(N2C(=O)c3ccc(C)cc3C2=O)cc(N2C(=O)c3ccc(C(C)(C(F)(F)F)C(F)(F)F)cc3C2=O)c1)c1ccc(/N=N/c2ccc([N+](=O)[O-])cc2)cc1,1.205461036
CCC(C)C(=O)Oc1ccccc1,1.109388621
CCCN(CCOC(=O)NCCCCCCNC(=O)OC)c1ccc(/N=N/c2ccc([N+](=O)[O-])cc2)c(C)c1,1.1275851
CCCC(C(=O)OCC)C(C)C(=O)OCC,0.983422084
C/C=C/c1ccc(C)c2ccc(CCCCCC)cc12,0.946624284
CCC(C)c1ccc(Cl)cc1C,1.05867232
COS(=O)(=O)c1ccc(-c2ccc(S(=O)(=O)Oc3ccc(-c4ccc(C)cc4)cc3)cc2)cc1,1.24578392
C/C=C/c1ccc(C)c(-c2cc(OCC(CC)CCCC)c(OCC(CC)CCCC)cc2-c2ccccc2)c1,0.892538398
CCCOC(=O)CC(C)(CC)C(=O)OCCC,0.95089128
CCCCCCCCCCCCCCc1cc(C)sc1C,0.91341608
CCCCCCCCCCCC(=O)NCCCCCOCCCCCNC(=O)CCCOC,0.949699751
